Andhra Pradesh,Amaravati,Telugu
Arunachal Pradesh,Itanagar,English
Assam,Dispur,Assamese
Bihar,Patna,Hindi
Chhattisgarh,Raipur,Chhattisgarhi
Goa,Panaji,Konkani
Gujarat,Gandhinagar,Gujarati
Haryana,Chandigarh,Haryanvi
Himachal Pradesh,Shimla,Hindi
Jammu and Kashmir,Srinagar (summer) Jammu (winter),Urdu
Jharkhand,Ranchi,Hindi
Karnataka,Bengaluru,Kannada
Kerala,Trivandrum,Malayalam
Madhya Pradesh,Bhopal,Hindi
Maharashtra,Mumbai,Marathi
Manipur,Imphal,Meiteilon (Manipuri)
Meghalaya,Shillong,English
Mizoram,Aizawl,Mizo
Nagaland,Kohima,English
Odisha,Bhubaneswar,Oriya
Punjab,Chandigarh,Punjabi
Rajasthan,Jaipur,Hindi
Sikkim,Gangtok,Nepali
Tamil Nadu,Chennai,Tamil
Telangana,Hyderabad,Telugu, Urdu
Tripura,Agartala,Bengali
Uttar Pradesh,Lucknow,Hindi
Uttarakhand,Dehradun,Hindi
West Bengal,Kolkata,Bengali
Alabama,Montgomery,English
Alaska,Juneau,English
Arizona,Phoenix,English
Arkansas,Little Rock,English
California,Sacramento,English
Colorado,Denver,English
Connecticut,Hartford,English
Delaware,Dover,English
Florida,Tallahassee,English
Georgia,Atlanta,English
Hawaii,Honolulu,English
Idaho,Boise,English
Illinois,Springfield,English
Indiana,Indianapolis,English
Iowa,Des Moines,English
Kansas,Topeka,English
Kentucky,Frankfort,English
Louisiana,Baton Rouge,English
Maine,Augusta,English
Maryland,Annapolis,English
Massachusetts,Boston,English
Michigan,Lansing,English
Minnesota,Saint Paul,English
Mississippi,Jackson,English
Missouri,Jefferson City,English
Montana,Helena,English
Nebraska,Lincoln,English
Nevada,Carson City,English
New Hampshire,Concord,English
New Jersey,Trenton,English
New Mexico,Santa Fe,English
New York,Albany,English
North Carolina,Raleigh,English
North Dakota,Bismarck,English
Ohio,Columbus,English
Oklahoma,Oklahoma City,English
Oregon,Salem,English
Pennsylvania,Harrisburg,English
Rhode Island,Providence,English
South Carolina,Columbia,English
South Dakota,Pierre,English
Tennessee,Nashville,English
Texas,Austin,English
Utah,Salt Lake City,English
Vermont,Montpelier,English
Virginia,Richmond,English
Washington,Olympia,English
West Virginia,Charleston,English
Wisconsin,Madison,English
Wyoming,Cheyenne,English
